Bishayee Coulters,,174 Experiments,,,
Bates,Date,Count 1,Count 2,Count 3,Average
B008404,10/20/97,531,508,541,526.67
B008404,10/20/97,650,626,595,623.67
B008404,10/20/97,460,455,468,461.00
B008404,10/20/97,550,530,538,539.33
B008404,10/20/97,466,468,452,462.00
B008404,10/20/97,567,555,521,547.67
B008404,10/20/97,558,581,636,591.67
B008404,10/20/97,567,563,537,555.67
B008404,10/20/97,594,550,543,562.33
B008404,10/20/97,611,599,507,572.33
B008410,10/31/97,548,490,532,523.33
B008410,10/31/97,295,270,257,274.00
B008410,10/31/97,693,622,586,633.67
B008410,10/31/97,429,456,408,431.00
B008410,10/31/97,414,407,406,409.00
B008410,10/31/97,581,551,550,560.67
B008410,10/31/97,535,507,543,528.33
B008410,10/31/97,491,493,460,481.33
B008410,10/31/97,358,384,370,370.67
B008410,10/31/97,376,355,340,357.00
B008421,11/10/97,539,543,579,553.67
B008421,11/10/97,628,619,587,611.33
B008421,11/10/97,678,703,705,695.33
B008421,11/10/97,582,549,543,558.00
B008421,11/10/97,626,702,604,644.00
B008421,11/10/97,732,713,743,729.33
B008421,11/10/97,785,781,634,733.33
B008421,11/10/97,441,450,469,453.33
B008421,11/10/97,544,550,562,552.00
B008421,11/10/97,556,557,550,554.33
B008431,11/17/97,857,855,870,860.67
B008431,11/17/97,832,859,860,850.33
B008431,11/17/97,827,814,755,798.67
B008431,11/17/97,854,852,882,862.67
B008431,11/17/97,721,733,760,738.00
B008431,11/17/97,859,845,827,843.67
B008431,11/17/97,884,872,796,850.67
B008431,11/17/97,910,880,893,894.33
B008431,11/17/97,836,865,809,836.67
B008431,11/17/97,735,755,754,748.00
B008443,11/24/97,568,555,533,552.00
B008443,11/24/97,570,512,500,527.33
B008443,11/24/97,543,562,545,550.00
B008443,11/24/97,672,650,660,660.67
B008443,11/24/97,635,649,655,646.33
B008443,11/24/97,557,549,572,559.33
B008443,11/24/97,636,609,634,626.33
B008443,11/24/97,585,542,524,550.33
B008443,11/24/97,698,675,680,684.33
B008443,11/24/97,498,512,475,495.00
B008457,12/4/97,498,504,532,511.33
B008457,12/4/97,769,790,711,756.67
B008457,12/4/97,799,785,765,783.00
B008457,12/4/97,630,645,659,644.67
B008457,12/4/97,669,659,660,662.67
B008457,12/4/97,765,745,730,746.67
B008457,12/4/97,650,672,721,681.00
B008457,12/4/97,814,805,767,795.33
B008457,12/4/97,732,719,674,708.33
B008457,12/4/97,814,769,742,775.00
B002085,12/15/97,631,639,676,648.67
B002085,12/15/97,641,603,639,627.67
B002085,12/15/97,561,592,594,582.33
B002085,12/15/97,659,617,607,627.67
B002085,12/15/97,644,637,634,638.33
B002085,12/15/97,698,711,685,698.00
B002085,12/15/97,718,695,661,691.33
B002085,12/15/97,617,594,633,614.67
B002085,12/15/97,717,681,669,689.00
B002085,12/15/97,643,581,585,603.00
B002265,1/19/98,535,535,530,533.33
B002265,1/19/98,620,625,628,624.33
B002265,1/19/98,476,519,526,507.00
B002265,1/19/98,602,624,589,605.00
B002265,1/19/98,482,489,510,493.67
B002265,1/19/98,562,555,547,554.67
B002265,1/19/98,495,485,482,487.33
B002265,1/19/98,561,567,570,566.00
B002265,1/19/98,490,515,505,503.33
B002265,1/19/98,489,482,484,485.00
B002113,2/2/98,290,310,324,308.00
B002113,2/2/98,514,536,510,520.00
B002113,2/2/98,539,535,487,520.33
B002113,2/2/98,484,464,469,472.33
B002113,2/2/98,438,436,422,432.00
B002113,2/2/98,499,486,503,496.00
B002113,2/2/98,517,537,493,515.67
B002113,2/2/98,439,464,467,456.67
B002113,2/2/98,442,429,440,437.00
B007065,2/6/98,679,688,644,670.33
B007065,2/6/98,480,458,469,469.00
B007065,2/6/98,554,539,513,535.33
B007065,2/6/98,586,588,611,595.00
B007065,2/6/98,594,564,549,569.00
B007065,2/6/98,650,625,638,637.67
B007065,2/6/98,451,456,440,449.00
B007065,2/6/98,494,486,527,502.33
B007065,2/6/98,440,432,443,438.33
B007065,2/6/98,573,580,595,582.67
B002073,2/13/98,578,548,552,559.33
B002073,2/13/98,579,551,585,571.67
B002073,2/13/98,641,624,654,639.67
B002073,2/13/98,591,586,591,589.33
B002073,2/13/98,536,550,533,539.67
B002073,2/13/98,585,588,550,574.33
B002073,2/13/98,483,469,487,479.67
B002073,2/13/98,609,604,617,610.00
B002073,2/13/98,590,582,550,574.00
B002073,2/13/98,558,581,544,561.00
B007070,2/16/98,616,658,615,629.67
B007070,2/16/98,632,638,606,625.33
B007070,2/16/98,581,590,620,597.00
B007070,2/16/98,548,536,517,533.67
B007070,2/16/98,509,525,496,510.00
B007070,2/16/98,519,528,514,520.33
B007070,2/16/98,455,498,444,465.67
B007070,2/16/98,506,520,531,519.00
B007070,2/16/98,537,545,558,546.67
B007070,2/16/98,577,572,542,563.67
B002250,2/20/98,647,633,621,633.67
B002250,2/20/98,621,619,651,630.33
B002250,2/20/98,700,684,645,676.33
B002250,2/20/98,610,605,611,608.67
B002250,2/20/98,602,617,633,617.33
B002250,2/20/98,703,733,739,725.00
B002250,2/20/98,640,628,664,644.00
B002250,2/20/98,753,735,721,736.33
B002250,2/20/98,749,738,698,728.33
B002250,2/20/98,675,669,645,663.00
B002050,3/2/98,274,279,261,271.33
B002050,3/2/98,292,317,320,309.67
B002050,3/2/98,293,282,270,281.67
B002050,3/2/98,311,322,291,308.00
B002050,3/2/98,309,295,328,310.67
B002050,3/2/98,332,334,337,334.33
B002050,3/2/98,318,317,323,319.33
B002050,3/2/98,315,299,305,306.33
B002050,3/2/98,303,283,283,289.67
B002050,3/2/98,263,254,249,255.33
B002240,3/6/98,638,592,608,612.67
B002240,3/6/98,661,713,639,671.00
B002240,3/6/98,689,716,687,697.33
B002240,3/6/98,622,592,590,601.33
B002240,3/6/98,679,691,673,681.00
B002240,3/6/98,606,581,573,586.67
B002240,3/6/98,556,567,576,566.33
B002240,3/6/98,744,748,720,737.33
B002240,3/6/98,563,573,579,571.67
B002240,3/6/98,633,595,609,612.33
B002229,3/9/98,630,631,650,637.00
B002229,3/9/98,777,791,796,788.00
B002229,3/9/98,792,783,791,788.67
B002229,3/9/98,680,656,654,663.33
B002229,3/9/98,752,741,734,742.33
B002229,3/9/98,783,765,743,763.67
B002229,3/9/98,803,818,827,816.00
B002229,3/9/98,750,784,764,766.00
B002229,3/9/98,854,828,823,835.00
B008326,3/13/98,1398,1378,1344,1373.33
B008326,3/13/98,1486,1469,1463,1472.67
B008326,3/13/98,1671,1696,1651,1672.67
B008326,3/13/98,1613,1622,1588,1607.67
B008326,3/13/98,1823,1832,1845,1833.33
B008326,3/13/98,1695,1651,1708,1684.67
B008326,3/13/98,1568,1593,1551,1570.67
B008326,3/13/98,1692,1663,1709,1688.00
B008326,3/13/98,1562,1525,1540,1542.33
B002219,3/23/98,886,876,890,884.00
B002219,3/23/98,997,983,972,984.00
B002219,3/23/98,1051,1040,1047,1046.00
B002219,3/23/98,1051,1023,1025,1033.00
B002219,3/23/98,949,969,947,955.00
B002219,3/23/98,1065,1066,1031,1054.00
B002219,3/23/98,1012,1059,1064,1045.00
B002219,3/23/98,1044,1016,976,1012.00
B002219,3/23/98,1053,1057,1014,1041.33
B002219,3/23/98,926,957,903,928.67
B008314,3/27/98,464,461,449,458.00
B008314,3/27/98,488,512,479,493.00
B008314,3/27/98,617,609,619,615.00
B008314,3/27/98,664,668,651,661.00
B008314,3/27/98,647,654,632,644.33
B008314,3/27/98,587,572,569,576.00
B008314,3/27/98,687,689,617,664.33
B008314,3/27/98,626,595,624,615.00
B008314,3/27/98,640,622,606,622.67
B008314,3/27/98,645,652,628,641.67
B013391,4/13/98,893,903,863,886.33
B013391,4/13/98,416,402,478,432.00
B013391,4/13/98,767,771,802,780.00
B013391,4/13/98,845,802,793,813.33
B013391,4/13/98,668,575,578,607.00
B013391,4/13/98,874,876,858,869.33
B013391,4/13/98,874,854,807,845.00
B013391,4/13/98,825,767,777,789.67
B013391,4/13/98,426,425,413,421.33
B002033,4/17/98,468,463,478,469.67
B002033,4/17/98,458,485,481,474.67
B002033,4/17/98,484,457,450,463.67
B002033,4/17/98,439,422,446,435.67
B002033,4/17/98,419,436,411,422.00
B002033,4/17/98,482,454,494,476.67
B002033,4/17/98,517,515,525,519.00
B002033,4/17/98,560,563,593,572.00
B002033,4/17/98,434,472,468,458.00
B002033,4/17/98,388,382,368,379.33
B002345,4/24/98,776,760,711,749.00
B002345,4/24/98,701,667,684,684.00
B002345,4/24/98,695,711,690,698.67
B002345,4/24/98,725,750,759,744.67
B002345,4/24/98,878,892,868,879.33
B002345,4/24/98,719,688,661,689.33
B002345,4/24/98,704,702,755,720.33
B002345,4/24/98,772,780,744,765.33
B002345,4/24/98,664,636,612,637.33
B002345,4/24/98,835,806,810,817.00
B002020,4/27/98,468,463,448,459.67
B002020,4/27/98,414,413,427,418.00
B002020,4/27/98,480,469,476,475.00
B002020,4/27/98,448,475,458,460.33
B002020,4/27/98,432,424,447,434.33
B002020,4/27/98,429,409,408,415.33
B002020,4/27/98,437,425,438,433.33
B002020,4/27/98,375,366,394,378.33
B002020,4/27/98,423,456,418,432.33
B002020,4/27/98,405,400,412,405.67
B013380,5/1/98,589,529,512,543.33
B013380,5/1/98,564,560,585,569.67
B013380,5/1/98,627,605,593,608.33
B013380,5/1/98,518,461,460,479.67
B013380,5/1/98,695,667,695,685.67
B013380,5/1/98,730,721,749,733.33
B013380,5/1/98,621,599,613,611.00
B013380,5/1/98,672,687,666,675.00
B013380,5/1/98,576,523,533,544.00
B013380,5/1/98,458,421,475,451.33
B002330,5/8/98,570,584,588,580.67
B002330,5/8/98,734,654,715,701.00
B002330,5/8/98,593,527,549,556.33
B002330,5/8/98,531,478,468,492.33
B002330,5/8/98,668,601,639,636.00
B002330,5/8/98,668,717,727,704.00
B002330,5/8/98,542,552,526,540.00
B002330,5/8/98,737,703,696,712.00
B002330,5/8/98,471,411,401,427.67
B002330,5/8/98,531,535,503,523.00
B007932,5/11/98,511,506,469,495.33
B007932,5/11/98,460,417,418,431.67
B007932,5/11/98,432,452,463,449.00
B007932,5/11/98,501,487,482,490.00
B007932,5/11/98,428,420,444,430.67
B007932,5/11/98,422,407,427,418.67
B007932,5/11/98,398,402,419,406.33
B007932,5/11/98,414,408,441,421.00
B007932,5/11/98,403,405,413,407.00
B007932,5/11/98,455,429,427,437.00
B013366,5/15/98,298,252,244,264.67
B013366,5/15/98,300,285,279,288.00
B013366,5/15/98,370,338,351,353.00
B013366,5/15/98,274,236,250,253.33
B013366,5/15/98,286,232,221,246.33
B013366,5/15/98,465,421,449,445.00
B013366,5/15/98,474,384,416,424.67
B013366,5/15/98,424,369,378,390.33
B013366,5/15/98,235,211,205,217.00
B013366,5/15/98,348,333,317,332.67
B013353,5/18/98,480,490,499,489.67
B013353,5/18/98,392,415,442,416.33
B013353,5/18/98,311,325,309,315.00
B013353,5/18/98,375,390,392,385.67
B013353,5/18/98,350,329,341,340.00
B013353,5/18/98,425,419,433,425.67
B013353,5/18/98,280,270,262,270.67
B013353,5/18/98,355,342,352,349.67
B013353,5/18/98,285,270,272,275.67
B013353,5/18/98,475,490,411,458.67
B002007,5/22/98,321,317,316,318.00
B002007,5/22/98,354,320,355,343.00
B002007,5/22/98,356,352,346,351.33
B002007,5/22/98,370,350,355,358.33
B002007,5/22/98,324,322,316,320.67
B002007,5/22/98,326,330,318,324.67
B002007,5/22/98,328,318,312,319.33
B002007,5/22/98,309,327,323,319.67
B002007,5/22/98,327,320,319,322.00
B002007,5/22/98,314,311,330,318.33
B002317,5/25/98,838,818,849,835.00
B002317,5/25/98,842,818,812,824.00
B002317,5/25/98,929,940,967,945.33
B002317,5/25/98,857,835,799,830.33
B002317,5/25/98,847,823,802,824.00
B002317,5/25/98,765,789,767,773.67
B002317,5/25/98,861,865,801,842.33
B002317,5/25/98,827,869,849,848.33
B002317,5/25/98,903,910,941,918.00
B002317,5/25/98,854,818,854,842.00
B002304,5/29/98,755,710,725,730.00
B002304,5/29/98,733,744,695,724.00
B002304,5/29/98,687,690,645,674.00
B002304,5/29/98,714,726,719,719.67
B002304,5/29/98,828,847,837,837.33
B002304,5/29/98,667,613,611,630.33
B002304,5/29/98,656,693,675,674.67
B002304,5/29/98,678,627,664,656.33
B002304,5/29/98,740,728,738,735.33
B002304,5/29/98,846,847,885,859.33
B013341,6/19/98,753,759,734,748.67
B013341,6/19/98,769,780,752,767.00
B013341,6/19/98,832,856,842,843.33
B013341,6/19/98,861,868,867,865.33
B013341,6/19/98,766,708,704,726.00
B013341,6/19/98,872,862,869,867.67
B013341,6/19/98,869,875,892,878.67
B013341,6/19/98,855,862,872,863.00
B013341,6/19/98,924,908,904,912.00
B013341,6/19/98,769,777,748,764.67
B014185,6/22/98,741,765,767,757.67
B014185,6/22/98,778,775,814,789.00
B014185,6/22/98,805,823,811,813.00
B014185,6/22/98,809,783,825,805.67
B014185,6/22/98,774,746,778,766.00
B014185,6/22/98,775,787,800,787.33
B014185,6/22/98,815,816,828,819.67
B014185,6/22/98,816,823,787,808.67
B014185,6/22/98,821,825,807,817.67
B014185,6/22/98,837,822,774,811.00
B014174,6/26/98,781,730,765,758.67
B014174,6/26/98,695,687,726,702.67
B014174,6/26/98,677,672,633,660.67
B014174,6/26/98,698,695,702,698.33
B014174,6/26/98,833,865,865,854.33
B014174,6/26/98,591,612,625,609.33
B014174,6/26/98,752,770,787,769.67
B014174,6/26/98,593,580,597,590.00
B014174,6/26/98,659,651,658,656.00
B014174,6/26/98,659,618,636,637.67
B014148,7/3/98,821,850,830,833.67
B014148,7/3/98,865,832,834,843.67
B014148,7/3/98,829,790,791,803.33
B014148,7/3/98,805,782,792,793.00
B014148,7/3/98,903,893,896,897.33
B014148,7/3/98,725,719,749,731.00
B014148,7/3/98,903,933,882,906.00
B014148,7/3/98,793,746,730,756.33
B014148,7/3/98,807,822,816,815.00
B014148,7/3/98,831,819,811,820.33
B014137,7/6/98,746,740,752,746.00
B014137,7/6/98,753,782,798,777.67
B014137,7/6/98,791,796,780,789.00
B014137,7/6/98,749,751,761,753.67
B014137,7/6/98,785,729,713,742.33
B014137,7/6/98,767,777,785,776.33
B014137,7/6/98,682,685,687,684.67
B014137,7/6/98,691,654,667,670.67
B014137,7/6/98,677,648,659,661.33
B014137,7/6/98,674,654,634,654.00
B014162,7/17/98,636,607,620,621.00
B014162,7/17/98,669,675,659,667.67
B014162,7/17/98,712,680,722,704.67
B014162,7/17/98,960,1040,1021,1007.00
B014162,7/17/98,1170,1243,1077,1163.33
B014162,7/17/98,1263,1191,1202,1218.67
B014162,7/17/98,861,842,806,836.33
B014162,7/17/98,1219,1249,1269,1245.67
B014162,7/17/98,880,880,866,875.33
B014162,7/17/98,1279,1266,1220,1255.00
B001994,7/20/98,475,469,443,462.33
B001994,7/20/98,432,426,456,438.00
B001994,7/20/98,565,578,557,566.67
B001994,7/20/98,474,469,441,461.33
B001994,7/20/98,464,482,486,477.33
B001994,7/20/98,130,118,118,122.00
B001994,7/20/98,462,457,463,460.67
B001994,7/20/98,475,476,476,475.67
B001994,7/20/98,481,472,491,481.33
B001994,7/20/98,476,483,495,484.67
B013616,7/24/98,734,740,724,732.67
B013616,7/24/98,863,851,861,858.33
B013616,7/24/98,1000,1064,1032,1032.00
B013616,7/24/98,825,857,867,849.67
B013616,7/24/98,850,829,834,837.67
B013616,7/24/98,764,771,779,771.33
B013616,7/24/98,965,959,974,966.00
B013616,7/24/98,487,499,495,493.67
B013616,7/24/98,815,834,831,826.67
B013616,7/24/98,448,454,421,441.00
B007087,7/25/98,2646,2537,2605,2596.00
B007087,7/25/98,2401,2454,2437,2430.67
B013606,7/27/98,815,815,834,821.33
B013606,7/27/98,793,787,796,792.00
B013606,7/27/98,720,738,738,732.00
B013606,7/27/98,777,822,774,791.00
B013606,7/27/98,856,821,799,825.33
B013606,7/27/98,831,853,824,836.00
B013606,7/27/98,653,679,670,667.33
B013606,7/27/98,683,678,687,682.67
B013606,7/27/98,779,759,768,768.67
B013606,7/27/98,921,932,927,926.67
B007085,7/28/98,3329,3257,3268,3284.67
B007085,7/28/98,3121,3243,3214,3192.67
B007085,7/28/98,2696,2537,2605,2612.67
B007085,7/28/98,2401,2459,2437,2432.33
B013050,7/29/98,2264,2118,2205,2195.67
B013050,7/29/98,533,551,535,539.67
B013050,7/29/98,3376,3344,3256,3325.33
B013595,7/31/98,580,574,545,566.33
B013595,7/31/98,654,603,624,627.00
B013595,7/31/98,599,614,603,605.33
B013595,7/31/98,585,597,541,574.33
B013595,7/31/98,655,606,630,630.33
B013595,7/31/98,662,602,637,633.67
B013595,7/31/98,618,633,581,610.67
B013595,7/31/98,574,558,560,564.00
B013595,7/31/98,597,583,575,585.00
B013595,7/31/98,615,593,619,609.00
B013582,8/3/98,696,698,700,698.00
B013582,8/3/98,668,650,645,654.33
B013582,8/3/98,632,630,625,629.00
B013582,8/3/98,575,561,549,561.67
B013582,8/3/98,718,708,709,711.67
B013582,8/3/98,715,708,706,709.67
B013582,8/3/98,740,737,726,734.33
B013582,8/3/98,728,716,733,725.67
B013582,8/3/98,685,693,688,688.67
B013582,8/3/98,763,749,755,755.67
B013042,8/11/98,3382,3234,3202,3272.67
B013042,8/11/98,2717,2600,2620,2645.67
B013042,8/11/98,3810,3745,3719,3758.00
B013042,8/11/98,4507,4409,4343,4419.67
B002102,8/17/98,443,441,410,431.33
B002102,8/17/98,443,432,408,427.67
B002102,8/17/98,371,374,370,371.67
B002102,8/17/98,428,452,409,429.67
B002102,8/17/98,386,393,400,393.00
B002102,8/17/98,428,411,404,414.33
B002102,8/17/98,418,403,393,404.67
B002102,8/17/98,393,415,379,395.67
B002102,8/17/98,378,370,375,374.33
B002102,8/17/98,345,388,393,375.33
B008304,8/21/98,514,536,490,513.33
B008304,8/21/98,626,606,612,614.67
B008304,8/21/98,781,634,652,689.00
B008304,8/21/98,505,517,482,501.33
B008304,8/21/98,511,492,482,495.00
B008304,8/21/98,620,602,614,612.00
B008304,8/21/98,588,578,569,578.33
B008304,8/21/98,556,536,521,537.67
B008304,8/21/98,456,478,477,470.33
B008304,8/21/98,461,452,442,451.67
B008294,8/24/98,655,615,645,638.33
B008294,8/24/98,639,673,656,656.00
B008294,8/24/98,776,762,786,774.67
B008294,8/24/98,556,551,518,541.67
B008294,8/24/98,585,540,540,555.00
B008294,8/24/98,568,529,527,541.33
B008294,8/24/98,734,756,712,734.00
B008294,8/24/98,573,544,546,554.33
B008294,8/24/98,569,546,529,548.00
B008294,8/24/98,552,546,509,535.67
B002207,8/27/98,456,432,441,443.00
B002207,8/27/98,520,556,531,535.67
B002207,8/27/98,475,485,461,473.67
B002207,8/27/98,572,536,559,555.67
B002207,8/27/98,595,606,585,595.33
B002207,8/27/98,499,512,526,512.33
B002207,8/27/98,602,617,622,613.67
B002207,8/27/98,566,555,545,555.33
B002207,8/27/98,523,535,517,525.00
B002207,8/27/98,495,505,485,495.00
B012862,9/2/98,4070,4120,4175,4121.67
B012862,9/2/98,2861,2779,2740,2793.33
B012862,9/2/98,2325,2340,2318,2327.67
B012862,9/2/98,3305,3297,3291,3297.67
B012907,9/4/98,5110,5125,5213,5149.33
B012907,9/4/98,5007,5107,5123,5079.00
B012907,9/4/98,4813,4918,4925,4885.33
B012907,9/4/98,4439,4556,4579,4524.67
B012907,9/4/98,4322,4429,4372,4374.33
B012857,9/18/98,7786,7540,7677,7667.67
B012857,9/18/98,6682,6639,6407,6576.00
B012857,9/18/98,2841,2755,2649,2748.33
B012857,9/18/98,2842,2855,2811,2836.00
B012857,9/18/98,3561,3647,3466,3558.00
B012902,9/24/98,5504,5457,5442,5467.67
B012902,9/24/98,4553,4591,4454,4532.67
B012902,9/24/98,3616,3360,3327,3434.33
B012902,9/24/98,2823,2894,2891,2869.33
B012902,9/24/98,2141,2114,2198,2151.00
B012902,9/24/98,2394,2289,2201,2294.67
B012896,9/25/98,6394,6298,6309,6333.67
B012896,9/25/98,6256,6082,6272,6203.33
B012896,9/25/98,4104,4076,3986,4055.33
B012896,9/25/98,2993,3056,2949,2999.33
B012896,9/25/98,2691,2485,2510,2562.00
B012896,9/25/98,1151,1142,1156,1149.67
B013672,9/29/98,420,435,455,436.67
B013672,9/29/98,465,440,421,442.00
B013672,9/29/98,425,411,401,412.33
B013672,9/29/98,398,388,375,387.00
B013672,9/29/98,435,422,417,424.67
B013672,9/29/98,455,426,436,439.00
B013672,9/29/98,375,381,394,383.33
B013672,9/29/98,355,372,381,369.33
B013672,9/29/98,402,398,385,395.00
B013672,9/29/98,454,418,432,434.67
B013222,10/5/98,720,693,680,697.67
B013222,10/5/98,685,675,679,679.67
B013222,10/5/98,475,462,478,471.67
B013222,10/5/98,601,620,611,610.67
B013222,10/5/98,593,569,568,576.67
B013222,10/5/98,568,573,593,578.00
B013222,10/5/98,531,525,506,520.67
B013222,10/5/98,555,503,514,524.00
B013222,10/5/98,514,532,557,534.33
B013222,10/5/98,529,510,524,521.00
B012987,10/6/98,6510,6439,6552,6500.33
B012987,10/6/98,8013,8060,8091,8054.67
B012987,10/6/98,3379,3183,3272,3278.00
B012987,10/6/98,4480,4372,4497,4449.67
B012987,10/6/98,3423,3524,3374,3440.33
B012987,10/6/98,5222,5024,5003,5083.00
B012965,10/7/98,3830,3833,3740,3801.00
B012965,10/7/98,5729,5881,5876,5828.67
B012965,10/7/98,2568,2444,2384,2465.33
B012965,10/7/98,5224,5234,5053,5170.33
B012965,10/7/98,3412,3363,3374,3383.00
B012965,10/7/98,3116,3086,3028,3076.67
B013658,10/12/98,472,426,413,437.00
B013658,10/12/98,475,429,414,439.33
B013658,10/12/98,416,400,411,409.00
B013658,10/12/98,648,632,622,634.00
B013658,10/12/98,606,592,631,609.67
B013658,10/12/98,542,535,558,545.00
B013658,10/12/98,429,455,435,439.67
B013658,10/12/98,494,533,509,512.00
B013658,10/12/98,593,624,609,608.67
B013658,10/12/98,517,517,510,514.67
B007091,10/14/98,3830,3833,3740,3801.00
B007091,10/14/98,5729,5881,5876,5828.67
B007091,10/14/98,2568,2444,,2506.00
B007091,10/14/98,5224,5234,5053,5170.33
B007091,10/14/98,3412,3363,3374,3383.00
B007091,10/14/98,3116,3086,3028,3076.67
B013647,10/14/98,587,576,569,577.33
B013647,10/14/98,619,666,648,644.33
B013647,10/14/98,595,576,563,578.00
B013647,10/14/98,619,617,605,613.67
B013647,10/14/98,637,634,648,639.67
B013647,10/14/98,558,548,543,549.67
B013647,10/14/98,591,626,597,604.67
B013647,10/14/98,478,482,464,474.67
B013647,10/14/98,563,591,558,570.67
B013647,10/14/98,517,548,569,544.67
B013959,10/16/98,485,502,498,495.00
B013959,10/16/98,497,462,444,467.67
B013959,10/16/98,411,399,436,415.33
B013959,10/16/98,428,409,425,420.67
B013959,10/16/98,389,389,374,384.00
B013959,10/16/98,495,472,458,475.00
B013212,10/23/98,673,633,695,667.00
B013212,10/23/98,691,730,740,720.33
B013212,10/23/98,723,744,713,726.67
B013212,10/23/98,844,832,865,847.00
B013212,10/23/98,720,702,664,695.33
B013212,10/23/98,640,702,671,671.00
B013212,10/23/98,935,915,945,931.67
B013212,10/23/98,841,782,771,798.00
B013212,10/23/98,683,645,654,660.67
B013212,10/23/98,508,522,505,511.67
B013635,10/26/98,736,739,682,719.00
B013635,10/26/98,706,741,744,730.33
B013635,10/26/98,798,771,767,778.67
B013635,10/26/98,775,785,798,786.00
B013635,10/26/98,791,773,759,774.33
B013635,10/26/98,899,892,902,897.67
B013635,10/26/98,654,648,633,645.00
B013635,10/26/98,907,948,928,927.67
B013635,10/26/98,982,992,989,987.67
B013635,10/26/98,991,961,961,971.00
B007881,11/3/98,418,422,425,421.67
B007881,11/3/98,501,447,503,483.67
B007881,11/3/98,487,473,463,474.33
B007881,11/3/98,461,454,466,460.33
B007881,11/3/98,478,448,450,458.67
B007881,11/3/98,460,488,475,474.33
B007881,11/3/98,434,442,428,434.67
B007881,11/3/98,376,344,352,357.33
B007881,11/3/98,414,422,420,418.67
B007881,11/3/98,385,373,402,386.67
B007870,11/7/98,415,404,383,400.67
B007870,11/7/98,383,352,373,369.33
B007870,11/7/98,346,337,356,346.33
B007870,11/7/98,363,361,372,365.33
B007870,11/7/98,362,365,395,374.00
B007870,11/7/98,354,395,377,375.33
B007870,11/7/98,359,366,344,356.33
B007870,11/7/98,385,368,353,368.67
B007870,11/7/98,368,350,362,360.00
B007870,11/7/98,444,455,473,457.33
B007820,11/13/98,484,471,465,473.33
B007820,11/13/98,520,490,507,505.67
B007820,11/13/98,539,541,535,538.33
B007820,11/13/98,583,570,541,564.67
B007820,11/13/98,541,548,567,552.00
B007820,11/13/98,488,481,445,471.33
B007820,11/13/98,533,584,591,569.33
B007820,11/13/98,432,432,426,430.00
B007820,11/13/98,644,669,626,646.33
B007820,11/13/98,649,624,638,637.00
B001758,11/16/98,666,618,638,640.67
B001758,11/16/98,634,638,611,627.67
B001758,11/16/98,589,565,548,567.33
B001758,11/16/98,653,613,647,637.67
B001758,11/16/98,569,562,580,570.33
B001758,11/16/98,624,605,604,611.00
B001758,11/16/98,535,524,558,539.00
B001758,11/16/98,566,543,531,546.67
B001758,11/16/98,691,688,677,685.33
B001758,11/16/98,637,628,618,627.67
B007808,11/23/98,501,524,474,499.67
B007808,11/23/98,475,472,441,462.67
B007808,11/23/98,437,458,424,439.67
B007808,11/23/98,616,630,622,622.67
B007808,11/23/98,367,334,338,346.33
B007808,11/23/98,447,441,432,440.00
B007808,11/23/98,530,511,520,520.33
B007808,11/23/98,552,549,564,555.00
B007808,11/23/98,512,490,537,513.00
B007808,11/23/98,484,466,452,467.33
B001746,12/4/98,252,262,270,261.33
B001746,12/4/98,245,221,259,241.67
B001746,12/4/98,276,236,249,253.67
B001746,12/4/98,302,279,271,284.00
B001746,12/4/98,284,294,291,289.67
B001746,12/4/98,404,416,426,415.33
B001746,12/4/98,299,295,336,310.00
B001746,12/4/98,244,244,231,239.67
B001746,12/4/98,231,225,228,228.00
B001746,12/4/98,274,288,300,287.33
B007860,12/7/98,452,422,439,437.67
B007860,12/7/98,492,475,444,470.33
B007860,12/7/98,513,496,488,499.00
B007860,12/7/98,443,432,430,435.00
B007860,12/7/98,549,568,570,562.33
B007860,12/7/98,548,566,571,561.67
B007860,12/7/98,515,506,472,497.67
B007860,12/7/98,490,548,543,527.00
B007860,12/7/98,412,395,393,400.00
B007860,12/7/98,451,438,426,438.33
B007795,12/8/98,371,349,361,360.33
B007795,12/8/98,355,359,372,362.00
B007795,12/8/98,340,325,322,329.00
B007795,12/8/98,309,322,330,320.33
B007795,12/8/98,237,250,245,244.00
B007795,12/8/98,319,333,323,325.00
B007795,12/8/98,366,342,353,353.67
B007795,12/8/98,497,480,495,490.67
B007795,12/8/98,445,460,432,445.67
B007795,12/8/98,421,409,415,415.00
B007850,12/9/98,543,516,541,533.33
B007850,12/9/98,500,502,513,505.00
B007850,12/9/98,460,482,434,458.67
B007850,12/9/98,531,542,504,525.67
B007850,12/9/98,531,493,488,504.00
B007850,12/9/98,542,530,518,530.00
B007850,12/9/98,512,473,457,480.67
B007850,12/9/98,514,494,487,498.33
B007850,12/9/98,454,439,444,445.67
B007850,12/9/98,469,490,450,469.67
B001736,12/21/98,770,793,789,784.00
B001736,12/21/98,721,756,721,732.67
B001736,12/21/98,751,777,757,761.67
B001736,12/21/98,721,694,690,701.67
B001736,12/21/98,743,754,768,755.00
B001736,12/21/98,759,766,724,749.67
B001736,12/21/98,753,740,713,735.33
B001736,12/21/98,750,754,775,759.67
B001736,12/21/98,707,687,674,689.33
B001736,12/21/98,620,625,620,621.67
B008252,1/1/99,518,550,569,545.67
B008252,1/1/99,482,500,501,494.33
B008252,1/1/99,458,485,510,484.33
B008252,1/1/99,541,483,488,504.00
B008252,1/1/99,531,525,523,526.33
B008252,1/1/99,609,657,652,639.33
B008252,1/1/99,506,524,485,505.00
B008252,1/1/99,432,440,428,433.33
B008252,1/1/99,497,453,507,485.67
B008252,1/1/99,453,475,508,478.67
B007838,1/8/99,425,454,451,443.33
B007838,1/8/99,446,417,425,429.33
B007838,1/8/99,463,463,456,460.67
B007838,1/8/99,412,429,430,423.67
B007838,1/8/99,404,429,411,414.67
B007838,1/8/99,420,417,401,412.67
B007838,1/8/99,430,421,413,421.33
B007838,1/8/99,386,388,393,389.00
B007838,1/8/99,443,464,437,448.00
B007838,1/8/99,453,469,479,467.00
B008241,1/15/99,488,482,478,482.67
B008241,1/15/99,510,472,463,481.67
B008241,1/15/99,517,505,506,509.33
B008241,1/15/99,468,458,455,460.33
B008241,1/15/99,528,527,524,526.33
B008241,1/15/99,622,648,609,626.33
B008241,1/15/99,442,422,432,432.00
B008241,1/15/99,467,438,438,447.67
B008241,1/15/99,481,452,522,485.00
B008241,1/15/99,487,516,482,495.00
B007785,1/18/99,505,478,482,488.33
B007785,1/18/99,438,424,432,431.33
B007785,1/18/99,435,397,381,404.33
B007785,1/18/99,379,394,422,398.33
B007785,1/18/99,418,417,397,410.67
B007785,1/18/99,365,345,313,341.00
B007785,1/18/99,476,495,462,477.67
B007785,1/18/99,478,439,449,455.33
B007785,1/18/99,511,488,490,496.33
B007785,1/18/99,467,427,399,431.00
B007775,1/22/99,345,335,376,352.00
B007775,1/22/99,467,461,415,447.67
B007775,1/22/99,380,384,377,380.33
B007775,1/22/99,525,537,519,527.00
B007775,1/22/99,474,452,491,472.33
B007775,1/22/99,434,413,448,431.67
B007775,1/22/99,465,445,466,458.67
B007775,1/22/99,465,491,453,469.67
B007775,1/22/99,449,459,467,458.33
B007775,1/22/99,411,426,445,427.33
B001680,1/29/99,664,644,696,668.00
B001680,1/29/99,716,726,721,721.00
B001680,1/29/99,651,675,664,663.33
B001680,1/29/99,643,681,636,653.33
B001680,1/29/99,700,690,717,702.33
B001680,1/29/99,618,618,657,631.00
B001680,1/29/99,684,691,653,676.00
B001680,1/29/99,536,505,557,532.67
B001680,1/29/99,642,626,633,633.67
B001680,1/29/99,541,558,569,556.00
B008139,2/5/99,672,677,708,685.67
B008139,2/5/99,758,734,726,739.33
B008139,2/5/99,759,777,757,764.33
B008139,2/5/99,752,745,733,743.33
B008139,2/5/99,675,690,691,685.33
B008139,2/5/99,700,677,662,679.67
B008139,2/5/99,704,685,674,687.67
B008139,2/5/99,663,698,681,680.67
B008139,2/5/99,661,662,650,657.67
B008139,2/5/99,693,671,681,681.67
B008126,2/15/99,711,745,735,730.33
B008126,2/15/99,852,837,860,849.67
B008126,2/15/99,811,799,789,799.67
B008126,2/15/99,735,745,760,746.67
B008126,2/15/99,809,811,835,818.33
B008126,2/15/99,799,805,811,805.00
B008126,2/15/99,760,741,752,751.00
B008126,2/15/99,715,721,726,720.67
B008126,2/15/99,760,775,745,760.00
B008126,2/15/99,801,812,823,812.00
B008103,2/19/99,645,677,655,659.00
B008103,2/19/99,611,620,637,622.67
B008103,2/19/99,677,689,667,677.67
B008103,2/19/99,707,699,701,702.33
B008103,2/19/99,635,649,617,633.67
B008103,2/19/99,690,681,678,683.00
B008103,2/19/99,660,670,652,660.67
B008103,2/19/99,601,622,634,619.00
B008103,2/19/99,640,656,654,650.00
B008103,2/19/99,685,695,690,690.00
B008093,2/22/99,760,747,730,745.67
B008093,2/22/99,745,744,736,741.67
B008093,2/22/99,690,701,685,692.00
B008093,2/22/99,712,722,735,723.00
B008093,2/22/99,747,765,742,751.33
B008093,2/22/99,675,665,681,673.67
B008093,2/22/99,640,655,631,642.00
B008093,2/22/99,672,662,652,662.00
B008093,2/22/99,719,725,707,717.00
B008093,2/22/99,790,811,795,798.67
B008117,2/26/99,833,750,777,786.67
B008117,2/26/99,781,737,741,753.00
B008117,2/26/99,717,758,759,744.67
B008117,2/26/99,785,760,747,764.00
B008117,2/26/99,750,706,715,723.67
B008117,2/26/99,693,670,660,674.33
B008117,2/26/99,678,645,676,666.33
B008117,2/26/99,713,704,716,711.00
B008117,2/26/99,622,610,608,613.33
B008117,2/26/99,703,703,731,712.33
B001667,3/1/99,640,666,685,663.67
B001667,3/1/99,701,722,735,719.33
B001667,3/1/99,735,742,722,733.00
B001667,3/1/99,760,750,742,750.67
B001667,3/1/99,775,790,769,778.00
B001667,3/1/99,711,729,731,723.67
B001667,3/1/99,699,719,698,705.33
B001667,3/1/99,765,777,759,767.00
B001667,3/1/99,745,755,761,753.67
B001667,3/1/99,762,772,760,764.67
B001667,3/1/99,685,672,669,675.33
B001667,3/1/99,701,735,723,719.67
B001667,3/1/99,795,780,776,783.67
B001667,3/1/99,740,722,729,730.33
B001667,3/1/99,811,788,792,797.00
B001657,3/5/99,480,495,478,484.33
B001657,3/5/99,450,477,458,461.67
B001657,3/5/99,575,589,567,577.00
B001657,3/5/99,435,449,429,437.67
B001657,3/5/99,445,455,462,454.00
B001657,3/5/99,540,559,547,548.67
B001657,3/5/99,560,550,542,550.67
B001657,3/5/99,610,625,609,614.67
B001657,3/5/99,675,685,687,682.33
B008219,3/12/99,620,635,645,633.33
B008219,3/12/99,590,575,585,583.33
B008219,3/12/99,560,550,541,550.33
B008219,3/12/99,595,570,583,582.67
B008219,3/12/99,630,609,607,615.33
B008219,3/12/99,590,615,580,595.00
B008219,3/12/99,635,650,669,651.33
B008219,3/12/99,610,645,637,630.67
B008219,3/12/99,575,562,548,561.67
B008219,3/12/99,520,525,535,526.67
B008209,3/22/99,610,635,590,611.67
B008209,3/22/99,495,535,545,525.00
B008209,3/22/99,570,552,535,552.33
B008209,3/22/99,625,619,607,617.00
B008209,3/22/99,499,521,539,519.67
B008209,3/22/99,577,565,572,571.33
B008209,3/22/99,537,555,542,544.67
B008209,3/22/99,609,612,592,604.33
B008209,3/22/99,572,559,567,566.00
B008209,3/22/99,562,585,585,577.33
B008196,4/2/99,415,425,455,431.67
B008196,4/2/99,399,410,388,399.00
B008196,4/2/99,436,407,411,418.00
B008196,4/2/99,382,375,365,374.00
B008196,4/2/99,389,390,382,387.00
B008196,4/2/99,450,427,439,438.67
B008196,4/2/99,407,422,419,416.00
B008196,4/2/99,432,452,429,437.67
B008196,4/2/99,375,355,362,364.00
B008196,4/2/99,388,399,409,398.67
B001960,4/5/99,712,725,730,722.33
B001960,4/5/99,622,635,627,628.00
B001960,4/5/99,678,775,665,706.00
B001960,4/5/99,573,542,535,550.00
B001960,4/5/99,545,562,569,558.67
B001960,4/5/99,523,523,533,526.33
B001960,4/5/99,507,511,531,516.33
B001960,4/5/99,545,521,510,525.33
B011751,4/13/99,186,187,189,187.33
B011751,4/13/99,191,188,174,184.33
B011751,4/13/99,284,289,297,290.00
B011751,4/13/99,263,256,259,259.33
B011751,4/13/99,352,324,360,345.33
B011751,4/13/99,350,362,332,348.00
B011751,4/13/99,320,333,342,331.67
B011751,4/13/99,237,232,239,236.00
B008181,5/7/99,425,435,420,426.67
B008181,5/7/99,510,490,475,491.67
B008181,5/7/99,405,375,395,391.67
B008181,5/7/99,452,437,414,434.33
B008181,5/7/99,358,372,360,363.33
B008181,5/7/99,411,419,432,420.67
B008181,5/7/99,437,465,422,441.33
B008181,5/7/99,375,365,392,377.33
B008181,5/7/99,419,402,398,406.33
B008181,5/7/99,399,412,375,395.33
B008170,5/21/99,475,465,439,459.67
B008170,5/21/99,501,512,522,511.67
B008170,5/21/99,529,475,495,499.67
B008170,5/21/99,395,425,430,416.67
B008170,5/21/99,520,539,540,533.00
B008170,5/21/99,427,439,444,436.67
B008170,5/21/99,402,422,435,419.67
B008170,5/21/99,511,529,535,525.00
B008170,5/21/99,478,459,465,467.33
B008170,5/21/99,395,378,385,386.00
B008050,5/27/99,427,439,450,438.67
B008050,5/27/99,511,527,530,522.67
B008050,5/27/99,411,398,422,410.33
B008050,5/27/99,378,409,415,400.67
B008050,5/27/99,425,440,421,428.67
B008050,5/27/99,471,485,492,482.67
B008050,5/27/99,332,350,371,351.00
B008050,5/27/99,409,419,429,419.00
B008050,5/27/99,452,429,435,438.67
B008050,5/27/99,322,350,342,338.00
B008040,6/11/99,569,600,585,584.67
B008040,6/11/99,611,625,635,623.67
B008040,6/11/99,517,532,522,523.67
B008040,6/11/99,485,472,495,484.00
B008040,6/11/99,549,565,572,562.00
B008040,6/11/99,585,595,569,583.00
B008040,6/11/99,476,489,492,485.67
B008040,6/11/99,505,509,522,512.00
B008040,6/11/99,566,542,555,554.33
B008040,6/11/99,562,575,559,565.33
B008028,6/21/99,512,492,507,503.67
B008028,6/21/99,488,475,497,486.67
B008028,6/21/99,522,533,511,522.00
B008028,6/21/99,462,473,485,473.33
B008028,6/21/99,555,549,535,546.33
B008028,6/21/99,509,522,512,514.33
B008028,6/21/99,432,466,449,449.00
B008028,6/21/99,546,565,539,550.00
B008028,6/21/99,479,485,465,476.33
B008028,6/21/99,529,545,561,545.00
B008018,6/28/99,610,635,624,623.00
B008018,6/28/99,585,592,603,593.33
B008018,6/28/99,532,549,521,534.00
B008018,6/28/99,609,622,611,614.00
B008018,6/28/99,529,545,535,536.33
B008018,6/28/99,635,611,607,617.67
B008018,6/28/99,585,572,565,574.00
B008018,6/28/99,592,575,562,576.33
B008018,6/28/99,630,655,631,638.67
B008018,6/28/99,666,673,679,672.67
B008082,7/1/99,609,588,611,602.67
B008082,7/1/99,652,641,627,640.00
B008082,7/1/99,666,632,645,647.67
B008082,7/1/99,612,608,631,617.00
B008082,7/1/99,745,765,722,744.00
B008082,7/1/99,644,651,632,642.33
B008082,7/1/99,702,722,732,718.67
B008082,7/1/99,650,675,662,662.33
B008072,7/12/99,650,666,646,654.00
B008072,7/12/99,637,649,622,636.00
B008072,7/12/99,640,653,660,651.00
B008072,7/12/99,610,662,635,635.67
B008072,7/12/99,678,659,665,667.33
B008072,7/12/99,718,692,707,705.67
B008072,7/12/99,635,609,611,618.33
B008072,7/12/99,735,719,726,726.67
B008072,7/12/99,657,672,659,662.67
B008072,7/12/99,670,685,678,677.67
B008007,7/16/99,505,519,529,517.67
B008007,7/16/99,485,495,480,486.67
B008007,7/16/99,476,510,498,494.67
B008007,7/16/99,415,435,422,424.00
B008007,7/16/99,509,517,511,512.33
B008007,7/16/99,435,419,410,421.33
B008007,7/16/99,456,444,429,443.00
B008007,7/16/99,411,409,425,415.00
B008007,7/16/99,449,421,439,436.33
B008007,7/16/99,385,412,375,390.67
B007998,7/26/99,728,711,735,724.67
B007998,7/26/99,750,741,721,737.33
B007998,7/26/99,810,833,809,817.33
B007998,7/26/99,755,762,748,755.00
B007998,7/26/99,697,712,688,699.00
B007998,7/26/99,735,755,765,751.67
B007998,7/26/99,772,762,781,771.67
B007998,7/26/99,819,822,835,825.33
B007998,7/26/99,727,709,742,726.00
B007998,7/26/99,856,869,888,871.00
B007975,7/29/99,540,565,562,555.67
B007975,7/29/99,511,525,533,523.00
B007975,7/29/99,542,555,532,543.00
B007975,7/29/99,509,522,531,520.67
B007975,7/29/99,488,492,499,493.00
B007975,7/29/99,569,582,569,573.33
B007975,7/29/99,611,609,619,613.00
B007975,7/29/99,532,511,529,524.00
B007975,7/29/99,550,562,542,551.33
B007975,7/29/99,495,485,502,494.00
B007986,7/30/99,610,592,609,603.67
B007986,7/30/99,558,572,581,570.33
B007986,7/30/99,532,539,555,542.00
B007986,7/30/99,559,562,541,554.00
B007986,7/30/99,571,562,575,569.33
B007986,7/30/99,523,539,519,527.00
B007986,7/30/99,499,507,521,509.00
B007986,7/30/99,537,527,511,525.00
B007986,7/30/99,567,560,539,555.33
B007986,7/30/99,507,485,499,497.00
B012370,8/19/99,236,226,228,230.00
B012370,8/19/99,257,259,267,261.00
B012370,8/19/99,264,265,260,263.00
B012370,8/19/99,249,240,248,245.67
B001464,8/26/99,750,731,722,734.33
B001464,8/26/99,692,685,699,692.00
B001464,8/26/99,645,635,619,633.00
B001464,8/26/99,657,666,661,661.33
B001464,8/26/99,688,671,657,672.00
B001464,8/26/99,712,729,730,723.67
B001464,8/26/99,736,772,762,756.67
B001464,8/26/99,690,717,709,705.33
B001464,8/26/99,733,745,759,745.67
B001464,8/26/99,769,751,749,756.33
B001453,8/30/99,652,673,669,664.67
B001453,8/30/99,701,685,711,699.00
B001453,8/30/99,623,639,644,635.33
B001453,8/30/99,645,666,653,654.67
B001453,8/30/99,629,642,647,639.33
B001453,8/30/99,602,613,629,614.67
B001453,8/30/99,677,652,669,666.00
B001453,8/30/99,712,701,719,710.67
B001453,8/30/99,698,687,679,688.00
B001453,8/30/99,735,719,709,721.00
B007907,9/10/99,643,666,652,653.67
B007907,9/10/99,601,636,645,627.33
B007907,9/10/99,622,649,619,630.00
B007907,9/10/99,645,662,639,648.67
B007907,9/10/99,685,672,679,678.67
B007907,9/10/99,561,586,592,579.67
B007907,9/10/99,595,611,622,609.33
B007907,9/10/99,695,707,687,696.33
B007907,9/10/99,669,639,652,653.33
B007907,9/10/99,631,663,622,638.67
B012347,9/13/99,712,711,702,708.33
B012347,9/13/99,741,753,720,738.00
B012347,9/13/99,1503,1524,1511,1512.67
B012347,9/13/99,1547,1518,1539,1534.67
B012347,9/13/99,1509,1556,1519,1528.00
B012347,9/13/99,1401,1426,1435,1420.67
B012347,9/13/99,110,113,119,114.00
B012347,9/13/99,122,107,112,113.67
B012347,9/13/99,129,145,135,136.33
B012347,9/13/99,95,105,111,103.67
B007898,9/24/99,589,598,571,586.00
B007898,9/24/99,611,627,631,623.00
B007898,9/24/99,541,559,561,553.67
B007898,9/24/99,629,642,629,633.33
B007898,9/24/99,667,656,672,665.00
B007898,9/24/99,542,561,559,554.00
B007898,9/24/99,620,635,642,632.33
B007898,9/24/99,529,549,557,545.00
B007898,9/24/99,607,598,622,609.00
B007898,9/24/99,511,509,507,509.00
B001862,9/27/99,609,595,575,593.00
B001862,9/27/99,578,566,571,571.67
B001862,9/27/99,613,622,635,623.33
B001862,9/27/99,575,560,582,572.33
B001862,9/27/99,535,519,511,521.67
B001862,9/27/99,569,555,539,554.33
B001862,9/27/99,591,599,602,597.33
B001862,9/27/99,621,635,607,621.00
B001862,9/27/99,545,551,539,545.00
B001862,9/27/99,511,503,529,514.33
,9/29/99,411,431,435,425.67
,9/29/99,471,461,459,463.67
,9/29/99,389,362,372,374.33
,9/29/99,332,321,341,331.33
,9/29/99,441,456,465,454.00
,9/29/99,432,444,456,444.00
,9/29/99,409,422,436,422.33
,9/29/99,381,392,401,391.33
,9/29/99,356,365,369,363.33
,9/29/99,403,372,385,386.67
B007897,10/1/99,772,761,756,763.00
B007897,10/1/99,666,655,677,666.00
B007897,10/1/99,701,711,722,711.33
B007897,10/1/99,656,631,634,640.33
B007897,10/1/99,732,745,739,738.67
B007897,10/1/99,741,756,762,753.00
B007897,10/1/99,635,659,662,652.00
B007897,10/1/99,672,657,659,662.67
B007897,10/1/99,713,732,742,729.00
B007897,10/1/99,699,710,729,712.67
,10/4/99,499,488,502,496.33
,10/4/99,436,456,462,451.33
,10/4/99,522,532,542,532.00
,10/4/99,536,542,539,539.00
,10/4/99,561,572,585,572.67
,10/4/99,437,452,462,450.33
,10/4/99,501,533,529,521.00
,10/4/99,490,471,478,479.67
,10/4/99,522,535,542,533.00
,10/4/99,531,555,563,549.67
B001925,10/15/99,527,509,512,516.00
B001925,10/15/99,545,562,571,559.33
B001925,10/15/99,551,563,549,554.33
B001925,10/15/99,490,485,472,482.33
B001925,10/15/99,567,579,582,576.00
B001925,10/15/99,579,561,555,565.00
B001925,10/15/99,611,592,589,597.33
B001925,10/15/99,542,562,559,554.33
B001925,10/15/99,499,522,535,518.67
B001925,10/15/99,572,559,563,564.67
B013444,10/28/99,546,523,543,537.33
B013444,10/28/99,606,619,627,617.33
B013444,10/28/99,521,533,529,527.67
B013444,10/28/99,611,601,622,611.33
B013444,10/28/99,575,585,595,585.00
B013444,10/28/99,535,540,549,541.33
B013444,10/28/99,621,603,613,612.33
B013444,10/28/99,550,560,569,559.67
B008229,11/8/99,411,427,437,425.00
B008229,11/8/99,520,545,539,534.67
B008229,11/8/99,535,521,552,536.00
B008229,11/8/99,482,493,475,483.33
B008229,11/8/99,436,427,419,427.33
B008229,11/8/99,501,492,485,492.67
B008229,11/8/99,562,550,572,561.33
B008229,11/8/99,449,462,475,462.00
B008229,11/8/99,555,579,567,567.00
B008229,11/8/99,409,399,417,408.33
B001635,11/12/99,589,608,570,589.00
B001635,11/12/99,617,624,607,616.00
B001635,11/12/99,575,595,606,592.00
B001635,11/12/99,512,514,536,520.67
B001635,11/12/99,588,566,568,574.00
B001635,11/12/99,545,529,520,531.33
B001635,11/12/99,494,463,445,467.33
B001635,11/12/99,504,480,479,487.67
B001635,11/12/99,491,479,491,487.00
B001635,11/12/99,416,429,420,421.67
,11/15/99,511,490,485,495.33
,11/15/99,507,482,499,496.00
,11/15/99,573,548,566,562.33
,11/15/99,563,574,558,565.00
,11/15/99,493,483,472,482.67
,11/15/99,456,440,465,453.67
,11/15/99,459,429,431,439.67
,11/15/99,411,419,395,408.33
,11/15/99,385,399,379,387.67
,11/15/99,339,350,341,343.33
B013433,12/6/99,801,784,832,805.67
B013433,12/6/99,829,836,827,830.67
B013433,12/6/99,759,747,732,746.00
B013433,12/6/99,745,713,696,718.00
B013433,12/6/99,824,782,807,804.33
B013433,12/6/99,808,792,771,790.33
B013433,12/6/99,728,732,702,720.67
B013433,12/6/99,648,648,651,649.00
B013433,12/6/99,725,723,713,720.33
B013433,12/6/99,656,647,634,645.67
B001627,12/10/99,635,649,660,648.00
B001627,12/10/99,711,722,745,726.00
B001627,12/10/99,672,666,659,665.67
B001627,12/10/99,782,799,786,789.00
B001627,12/10/99,881,862,872,871.67
B001627,12/10/99,835,852,821,836.00
B001627,12/10/99,811,829,835,825.00
B001627,12/10/99,756,742,769,755.67
B001627,12/10/99,701,695,714,703.33
B001627,12/10/99,649,661,639,649.67
B001627,12/10/99,852,829,840,840.33
B001627,12/10/99,633,615,609,619.00
B001627,12/10/99,719,709,715,714.33
B001627,12/10/99,695,727,711,711.00
B001724,12/20/99,545,567,551,554.33
B001724,12/20/99,552,543,541,545.33
B001724,12/20/99,468,455,449,457.33
B001724,12/20/99,649,683,666,666.00
B001724,12/20/99,562,523,550,545.00
B001724,12/20/99,605,590,603,599.33
B001724,12/20/99,588,574,614,592.00
B001724,12/20/99,750,767,739,752.00
B001724,12/20/99,789,772,769,776.67
B001724,12/20/99,721,719,710,716.67
B001724,12/20/99,630,666,639,645.00
B001724,12/20/99,612,631,645,629.33
B001724,12/20/99,565,574,591,576.67
B001724,12/20/99,638,610,580,609.33
B001724,12/20/99,545,567,551,554.33
B001724,12/20/99,552,543,541,545.33
B001724,12/20/99,468,455,449,457.33
B001724,12/20/99,649,683,666,666.00
B001724,12/20/99,561,623,550,578.00
B001724,12/20/99,605,590,603,599.33
B001724,12/20/99,588,574,614,592.00
B001724,12/20/99,750,767,739,752.00
B001724,12/20/99,789,772,769,776.67
B001724,12/20/99,721,719,710,716.67
B001724,12/20/99,630,666,639,645.00
B001724,12/20/99,612,631,645,629.33
B001724,12/20/99,565,574,591,576.67
B001724,12/20/99,638,610,580,609.33
B001711,1/7/00,525,540,523,529.33
B001711,1/7/00,560,574,550,561.33
B001711,1/7/00,251,249,248,249.33
B001711,1/7/00,446,424,430,433.33
B001711,1/7/00,396,373,396,388.33
B001711,1/7/00,452,432,429,437.67
B001711,1/7/00,423,443,437,434.33
B001711,1/7/00,383,367,385,378.33
B001711,1/7/00,375,379,408,387.33
B001711,1/7/00,401,398,399,399.33
B001711,1/7/00,345,365,340,350.00
B001711,1/7/00,395,367,385,382.33
B001711,1/7/00,436,449,458,447.67
B008162,1/13/00,575,549,562,562.00
B008162,1/13/00,492,488,475,485.00
B008162,1/13/00,511,501,493,501.67
B008162,1/13/00,562,549,537,549.33
B008162,1/13/00,589,599,582,590.00
B008162,1/13/00,575,565,559,566.33
B008162,1/13/00,670,665,669,668.00
B008162,1/13/00,603,619,592,604.67
B008162,1/13/00,585,599,572,585.33
B008162,1/13/00,435,425,411,423.67
B008162,1/13/00,611,623,609,614.33
B008162,1/13/00,607,603,589,599.67
B008162,1/13/00,629,630,641,633.33
B008162,1/13/00,688,698,679,688.33
B001617,1/14/00,598,607,588,597.67
B001617,1/14/00,575,566,559,566.67
B001617,1/14/00,457,435,461,451.00
B001617,1/14/00,522,535,542,533.00
B001617,1/14/00,545,519,527,530.33
B001617,1/14/00,488,475,462,475.00
B001617,1/14/00,562,575,569,568.67
B001617,1/14/00,513,522,530,521.67
B001617,1/14/00,501,511,507,506.33
B001617,1/14/00,475,465,470,470.00
B001617,1/14/00,495,489,512,498.67
B001617,1/14/00,445,439,452,445.33
B001617,1/14/00,432,418,420,423.33
B001617,1/14/00,455,429,439,441.00
B008152,1/20/00,575,566,569,570.00
B008152,1/20/00,582,572,568,574.00
B008152,1/20/00,595,582,601,592.67
B008152,1/20/00,555,565,549,556.33
B008152,1/20/00,579,599,582,586.67
B008152,1/20/00,611,623,607,613.67
B008152,1/20/00,635,619,622,625.33
B008152,1/20/00,601,609,611,607.00
B008152,1/20/00,551,561,571,561.00
B008152,1/20/00,569,557,547,557.67
B008152,1/20/00,529,535,542,535.33
B008152,1/20/00,565,570,568,567.67
B008152,1/20/00,582,592,579,584.33
B008152,1/20/00,575,562,555,564.00
B001605,2/7/00,839,822,847,836.00
B001605,2/7/00,727,710,734,723.67
B001605,2/7/00,729,724,751,734.67
B001605,2/7/00,785,793,768,782.00
B001605,2/7/00,737,733,703,724.33
B001605,2/7/00,824,832,843,833.00
B001605,2/7/00,847,866,833,848.67
B001605,2/7/00,746,732,719,732.33
B001605,2/7/00,759,729,732,740.00
B001605,2/7/00,703,695,697,698.33
B012590,2/14/00,3976,3957,3874,3935.67
B012590,2/14/00,3353,3415,3299,3355.67
B012590,2/14/00,3681,3505,3456,3547.33
B012590,2/14/00,4438,4297,4389,4374.67
B012590,2/14/00,5023,5112,4990,5041.67
B012590,2/14/00,1899,1881,1865,1881.67
B012590,2/14/00,1732,1694,1680,1702.00
B012590,2/14/00,4388,4329,4362,4359.67
B012590,2/14/00,3995,4190,4129,4104.67
B012590,2/14/00,8816,8800,8604,8740.00
B012590,2/14/00,9579,9516,9499,9531.33
B012590,2/14/00,16382,16276,16852,16503.33
B012590,2/14/00,13252,13462,13987,13567.00
B001591,2/15/00,43327,43020,,43173.50
B001591,2/15/00,31417,33740,33823,32993.33
B001591,2/15/00,31542,31213,31563,31439.33
B001591,2/15/00,43403,42487,42676,42855.33
B001591,2/15/00,45592,47132,46036,46253.33
B001591,2/15/00,3615,3711,3610,3645.33
B001591,2/15/00,3834,3818,3800,3817.33
B001591,2/15/00,1278,1472,1408,1386.00
B001591,2/15/00,1316,1349,1233,1299.33
B001591,2/15/00,1862,2125,1973,1986.67
B001591,2/15/00,2155,2148,1934,2079.00
B001591,2/15/00,296,320,330,315.33
B001591,2/15/00,309,365,294,322.67
B001568,2/17/00,4745,4924,4732,4800.33
B001568,2/17/00,3712,3811,3790,3771.00
B001568,2/17/00,4012,3922,3939,3957.67
B001568,2/17/00,4811,4927,4993,4910.33
B001568,2/17/00,4110,4219,4279,4202.67
B001568,2/17/00,2493,2337,2338,2389.33
B001568,2/17/00,2417,2491,2364,2424.00
B001568,2/17/00,5322,5286,5218,5275.33
B001568,2/17/00,5198,5239,5203,5213.33
B001568,2/17/00,4120,4132,4107,4119.67
B001568,2/17/00,4217,4107,4198,4174.00
B001568,2/17/00,13006,13153,13122,13093.67
B001568,2/17/00,12895,12798,12957,12883.33
B001592,2/18/00,3976,3957,3874,3935.67
B001592,2/18/00,3353,3415,3299,3355.67
B001592,2/18/00,3681,3505,3456,3547.33
B001592,2/18/00,4438,4297,4389,4374.67
B001592,2/18/00,5023,5112,4990,5041.67
B001592,2/18/00,1849,1881,1865,1865.00
B001592,2/18/00,1732,1694,1680,1702.00
B001592,2/18/00,4388,4329,4362,4359.67
B001592,2/18/00,3995,4190,4129,4104.67
B001592,2/18/00,8816,8800,8604,8740.00
B001592,2/18/00,9579,9516,9499,9531.33
B001592,2/18/00,16382,16276,16852,16503.33
B001592,2/18/00,13252,13462,13897,13537.00
B001698,2/28/00,511,526,532,523.00
B001698,2/28/00,546,530,519,531.67
B001698,2/28/00,520,540,593,551.00
B001698,2/28/00,475,495,482,484.00
B001698,2/28/00,531,521,547,533.00
B001698,2/28/00,480,499,501,493.33
B001698,2/28/00,507,519,489,505.00
B001698,2/28/00,465,472,482,473.00
B001698,2/28/00,555,532,521,536.00
B001698,2/28/00,411,408,429,416.00
B001698,2/28/00,460,469,472,467.00
B001698,2/28/00,422,410,404,412.00
B013195,3/16/00,512,530,526,522.67
B013195,3/16/00,532,541,552,541.67
B013195,3/16/00,540,569,561,556.67
B013195,3/16/00,548,532,539,539.67
B013195,3/16/00,511,531,522,521.33
B013195,3/16/00,542,555,562,553.00
B013195,3/16/00,575,589,579,581.00
B013195,3/16/00,450,479,462,463.67
B013195,3/16/00,537,559,547,547.67
B013195,3/16/00,571,590,582,581.00
B013279,3/23/00,478,468,456,467.33
B013279,3/23/00,543,543,530,538.67
B013279,3/23/00,490,475,471,478.67
B013279,3/23/00,466,449,432,449.00
B013279,3/23/00,365,365,360,363.33
B013279,3/23/00,196,192,169,185.67
B013185,3/24/00,532,549,559,546.67
B013185,3/24/00,574,560,552,562.00
B013185,3/24/00,579,582,563,574.67
B013185,3/24/00,575,559,571,568.33
B013185,3/24/00,532,555,543,543.33
B013185,3/24/00,565,575,562,567.33
B013185,3/24/00,511,529,539,526.33
B013185,3/24/00,498,475,481,484.67
B013185,3/24/00,519,545,529,531.00
B013185,3/24/00,550,566,542,552.67
B013267,3/30/00,512,539,547,532.67
B013267,3/30/00,480,490,469,479.67
B013267,3/30/00,575,590,595,586.67
B013267,3/30/00,435,452,442,443.00
B013267,3/30/00,2490,2565,2511,2522.00
B013267,3/30/00,5100,5223,5112,5145.00
B013267,3/30/00,4617,4479,4579,4558.33
B013267,3/30/00,16111,15892,16389,16130.67
B013175,3/31/00,501,512,523,512.00
B013175,3/31/00,475,455,449,459.67
B013175,3/31/00,411,393,401,401.67
B013175,3/31/00,375,382,392,383.00
B013175,3/31/00,520,535,511,522.00
B013175,3/31/00,535,555,549,546.33
B013175,3/31/00,575,565,582,574.00
B013175,3/31/00,589,575,580,581.33
B013175,3/31/00,566,552,539,552.33
B013175,3/31/00,592,599,572,587.67
B013251,4/3/00,475,492,487,484.67
B013251,4/3/00,512,509,521,514.00
B013251,4/3/00,535,549,555,546.33
B013251,4/3/00,556,551,575,560.67
B013251,4/3/00,2485,2366,2392,2414.33
B013251,4/3/00,5011,4990,4819,4940.00
B013251,4/3/00,4103,4089,4232,4141.33
B013251,4/3/00,14930,15320,15112,15120.67
B013237,4/10/00,540,569,562,557.00
B013237,4/10/00,555,549,562,555.33
B013237,4/10/00,515,529,535,526.33
B013237,4/10/00,475,489,467,477.00
B013237,4/10/00,495,512,488,498.33
B013237,4/10/00,501,509,507,505.67
B012401,6/9/00,157,164,193,171.33
B012401,6/9/00,155,173,156,161.33
B012401,6/9/00,154,136,152,147.33
B012401,6/9/00,131,123,119,124.33
B012401,6/9/00,161,152,166,159.67
B012401,6/9/00,139,176,126,147.00
B012401,6/9/00,132,142,155,143.00
B012401,6/9/00,168,176,155,166.33
B001443,6/19/00,592,569,575,578.67
B001443,6/19/00,601,623,617,613.67
B001443,6/19/00,509,523,535,522.33
B001443,6/19/00,542,567,572,560.33
B001443,6/19/00,511,532,542,528.33
B001443,6/19/00,635,652,666,651.00
B001443,6/19/00,562,589,555,568.67
B001443,6/19/00,611,589,598,599.33
B001443,6/19/00,581,592,571,581.33
B001443,6/19/00,610,639,621,623.33
B001852,6/20/00,750,769,742,753.67
B001852,6/20/00,645,685,672,667.33
B001852,6/20/00,711,739,742,730.67
B001852,6/20/00,675,666,672,671.00
B001852,6/20/00,766,742,752,753.33
B001852,6/20/00,639,652,647,646.00
B001852,6/20/00,709,721,735,721.67
B001852,6/20/00,741,729,721,730.33
B001852,6/20/00,762,777,759,766.00
B001852,6/20/00,756,742,766,754.67
B001915,6/23/00,568,588,571,575.67
B001915,6/23/00,579,593,569,580.33
B001915,6/23/00,592,575,561,576.00
B001915,6/23/00,531,511,520,520.67
B001915,6/23/00,576,556,587,573.00
B001915,6/23/00,566,589,572,575.67
B001915,6/23/00,609,632,621,620.67
B001915,6/23/00,545,519,562,542.00
B001915,6/23/00,575,559,561,565.00
B001915,6/23/00,615,589,602,602.00
B001842,6/26/00,611,629,633,624.33
B001842,6/26/00,590,631,619,613.33
B001842,6/26/00,582,571,585,579.33
B001842,6/26/00,662,679,649,663.33
B001842,6/26/00,562,582,592,578.67
B001842,6/26/00,637,639,655,643.67
B001842,6/26/00,581,609,622,604.00
B001842,6/26/00,629,639,641,636.33
B001842,6/26/00,693,688,672,684.33
B001842,6/26/00,763,777,749,763.00
B001402,7/17/00,549,562,571,560.67
B001402,7/17/00,501,522,519,514.00
B001402,7/17/00,528,511,532,523.67
B001402,7/17/00,560,569,542,557.00
B001402,7/17/00,507,521,511,513.00
B001402,7/17/00,482,472,495,483.00
B001402,7/17/00,582,595,579,585.33
B001402,7/17/00,537,552,542,543.67
B001402,7/17/00,477,468,492,479.00
B001402,7/17/00,544,569,555,556.00
B001831,7/17/00,612,648,631,630.33
B001831,7/17/00,652,639,627,639.33
B001831,7/17/00,612,633,649,631.33
B001831,7/17/00,656,677,642,658.33
B001831,7/17/00,607,592,580,593.00
B001831,7/17/00,657,671,662,663.33
B001831,7/17/00,641,639,621,633.67
B001831,7/17/00,526,536,546,536.00
B001831,7/17/00,630,659,662,650.33
B001831,7/17/00,599,619,640,619.33
B001831,7/17/00,613,637,651,633.67
B001831,7/17/00,673,685,666,674.67
B001831,7/17/00,581,574,583,579.33
B001831,7/17/00,679,659,651,663.00
B001821,7/24/00,407,403,401,403.67
B001821,7/24/00,420,410,447,425.67
B001821,7/24/00,520,535,541,532.00
B001821,7/24/00,559,572,566,565.67
B001821,7/24/00,511,519,531,520.33
B001821,7/24/00,551,561,535,549.00
B001821,7/24/00,521,537,518,525.33
B001821,7/24/00,532,541,553,542.00
B001821,7/24/00,481,472,461,471.33
B001821,7/24/00,495,499,519,504.33
B001821,7/24/00,512,507,532,517.00
B001821,7/24/00,455,439,429,441.00
B001821,7/24/00,595,609,589,597.67
B001821,7/24/00,575,581,562,572.67
B001392,7/31/00,589,571,565,575.00
B001392,7/31/00,522,539,551,537.33
B001392,7/31/00,573,585,580,579.33
B001392,7/31/00,519,533,521,524.33
B001392,7/31/00,566,519,539,541.33
B001392,7/31/00,559,541,521,540.33
B001392,7/31/00,621,609,611,613.67
B001392,7/31/00,529,546,566,547.00
B001392,7/31/00,495,505,517,505.67
B001392,7/31/00,611,600,621,610.67
B001383,8/4/00,511,529,530,523.33
B001383,8/4/00,575,585,562,574.00
B001383,8/4/00,532,519,541,530.67
B001383,8/4/00,475,495,512,494.00
B001383,8/4/00,533,569,542,548.00
B001383,8/4/00,509,521,517,515.67
B001383,8/4/00,592,581,572,581.67
B001383,8/4/00,535,549,562,548.67
B001383,8/4/00,502,519,535,518.67
B001383,8/4/00,435,475,462,457.33
B001383,8/4/00,544,565,575,561.33
B001383,8/4/00,517,529,545,530.33
B001383,8/4/00,498,475,525,499.33
B001383,8/4/00,479,509,513,500.33
B001810,8/4/00,507,519,531,519.00
B001810,8/4/00,532,557,525,538.00
B001810,8/4/00,536,542,562,546.67
B001810,8/4/00,569,576,582,575.67
B001810,8/4/00,622,607,619,616.00
B001810,8/4/00,551,572,561,561.33
B001810,8/4/00,582,571,591,581.33
B001810,8/4/00,571,581,592,581.33
B001810,8/4/00,566,519,539,541.33
B001810,8/4/00,569,532,547,549.33
B001810,8/4/00,539,555,567,553.67
B001810,8/4/00,572,599,581,584.00
B001810,8/4/00,511,514,492,505.67
B001810,8/4/00,541,531,561,544.33
B001906,8/7/00,659,672,681,670.67
B001906,8/7/00,613,635,622,623.33
B001906,8/7/00,679,689,661,676.33
B001906,8/7/00,652,632,619,634.33
B001906,8/7/00,617,632,642,630.33
B001906,8/7/00,677,690,670,679.00
B001906,8/7/00,609,631,621,620.33
B001906,8/7/00,649,666,672,662.33
B001906,8/7/00,633,642,655,643.33
B001906,8/7/00,661,649,657,655.67
B001906,8/7/00,671,689,666,675.33
B001906,8/7/00,639,659,642,646.67
B001906,8/7/00,622,619,601,614.00
B001906,8/7/00,688,671,659,672.67
B001895,8/11/00,537,555,562,551.33
B001895,8/11/00,511,509,531,517.00
B001895,8/11/00,569,577,552,566.00
B001895,8/11/00,511,529,537,525.67
B001895,8/11/00,581,572,562,571.67
B001895,8/11/00,601,592,589,594.00
B001895,8/11/00,532,549,562,547.67
B001895,8/11/00,532,547,561,546.67
B001895,8/11/00,517,509,528,518.00
B001895,8/11/00,581,599,572,584.00
B001895,8/11/00,549,567,550,555.33
B001895,8/11/00,489,499,513,500.33
B001895,8/11/00,533,561,547,547.00
B001895,8/11/00,561,574,539,558.00
B001799,9/18/00,449,432,416,432.33
B001799,9/18/00,472,482,461,471.67
B001799,9/18/00,412,435,460,435.67
B001799,9/18/00,371,356,383,370.00
B001799,9/18/00,428,456,439,441.00
B001799,9/18/00,433,452,449,444.67
B001799,9/18/00,476,461,452,463.00
B001799,9/18/00,516,529,541,528.67
B001799,9/18/00,423,450,462,445.00
B001799,9/18/00,389,390,415,398.00
B001799,9/18/00,471,461,455,462.33
B001799,9/18/00,511,526,539,525.33
B001799,9/18/00,490,472,463,475.00
B001799,9/18/00,590,571,581,580.67
B001373,10/6/00,601,565,593,586.33
B001373,10/6/00,594,585,572,583.67
B001373,10/6/00,662,616,622,633.33
B001373,10/6/00,591,572,599,587.33
B001373,10/6/00,531,552,549,544.00
B001373,10/6/00,562,572,581,571.67
B001373,10/6/00,600,619,583,600.67
B001373,10/6/00,532,545,563,546.67
B001373,10/6/00,637,659,629,641.67
B001373,10/6/00,581,561,549,563.67
B001373,10/6/00,566,593,573,577.33
B001373,10/6/00,609,623,633,621.67
B001373,10/6/00,513,500,529,514.00
B001373,10/6/00,600,647,636,627.67
B001357,10/9/00,577,592,563,577.33
B001357,10/9/00,611,607,653,623.67
B001357,10/9/00,581,593,617,597.00
B001357,10/9/00,633,645,619,632.33
B001357,10/9/00,511,537,549,532.33
B001357,10/9/00,544,562,573,559.67
B001357,10/9/00,666,672,693,677.00
B001357,10/9/00,601,572,633,602.00
B001357,10/9/00,511,529,541,527.00
B001357,10/9/00,532,555,562,549.67
B001357,10/9/00,513,549,562,541.33
B001357,10/9/00,562,539,547,549.33
B001357,10/9/00,560,542,522,541.33
B001357,10/9/00,680,669,671,673.33
B001432,10/16/00,478,429,444,450.33
B001432,10/16/00,501,519,535,518.33
B001432,10/16/00,418,439,452,436.33
B001432,10/16/00,431,422,445,432.67
B001432,10/16/00,511,539,517,522.33
B001432,10/16/00,488,472,462,474.00
B001432,10/16/00,459,463,440,454.00
B001432,10/16/00,535,511,545,530.33
B001432,10/16/00,455,462,471,462.67
B001432,10/16/00,435,455,469,453.00
B001432,10/16/00,501,518,507,508.67
B001432,10/16/00,447,467,440,451.33
B001432,10/16/00,466,472,444,460.67
B001432,10/16/00,503,489,492,494.67
B001416,10/16/00,541,564,543,549.33
B001416,10/16/00,493,509,489,497.00
B001416,10/16/00,523,522,511,518.67
B001416,10/16/00,555,543,563,553.67
B001416,10/16/00,509,521,512,514.00
B001416,10/16/00,623,611,643,625.67
B001416,10/16/00,598,607,588,597.67
B001416,10/16/00,537,531,520,529.33
B001416,10/16/00,553,540,532,541.67
B001416,10/16/00,517,508,521,515.33
B001416,10/16/00,574,563,559,565.33
B001416,10/16/00,526,513,520,519.67
B001416,10/16/00,563,579,588,576.67
B001416,10/16/00,600,593,588,593.67
B019483,12/18/00,1232,1209,1265,1235.33
B019483,12/18/00,2715,2620,2702,2679.00
B019483,12/18/00,4688,4336,4734,4586.00
B019483,12/18/00,3389,3356,3387,3377.33
B019483,12/18/00,3674,3592,3633,3633.00
B019483,12/18/00,4846,4822,4888,4852.00
B019483,12/18/00,4414,4549,4327,4430.00
B019483,12/18/00,4116,4010,4114,4080.00
B019483,12/18/00,5151,5125,5068,5114.67
B019483,12/18/00,4263,4058,4013,4111.33
B008062,1/31/00,680,667,672,673.00
B008062,1/31/00,639,621,645,635.00
B008062,1/31/00,609,617,629,618.33
B008062,1/31/00,666,675,689,676.67
B008062,1/31/00,721,742,719,727.33
B008062,1/31/00,690,710,693,697.67
B008062,1/31/00,666,650,645,653.67
B008062,1/31/00,701,709,713,707.67
B008062,1/31/00,675,667,658,666.67
B008062,1/31/00,635,611,623,623.00
B008062,1/31/00,685,670,693,682.67
B008062,1/31/00,711,729,730,723.33
B008062,1/31/00,721,735,749,735.00
B008062,1/31/00,735,759,750,748.00
B001010,3/8/01,566,573,582,573.67
B001010,3/8/01,619,645,634,632.67
B001010,3/8/01,667,662,639,656.00
B001010,3/8/01,630,619,636,628.33
B001010,3/8/01,664,649,655,656.00
B001010,3/8/01,533,522,519,524.67
B001010,3/8/01,644,632,621,632.33
B001012,3/12/01,187,165,172,174.67
B001012,3/12/01,111,109,119,113.00
B001012,3/12/01,250,261,243,251.33
B001012,3/12/01,263,249,270,260.67
B001012,3/12/01,240,238,227,235.00
B001012,3/12/01,261,275,270,268.67
B001012,3/12/01,240,238,227,235.00
B001012,3/12/01,160,171,181,170.67
B001012,3/12/01,111,120,109,113.33
B001012,3/12/01,241,238,229,236.00
B001012,3/12/01,232,241,247,240.00
B001012,3/12/01,243,261,251,251.67
B001012,3/12/01,229,231,221,227.00
B001012,3/12/01,241,227,251,239.67
B000978,3/19/01,512,534,545,530.33
B000978,3/19/01,555,523,539,539.00
B000978,3/19/01,516,525,533,524.67
B000978,3/19/01,577,566,553,565.33
B000978,3/19/01,511,509,495,505.00
B000978,3/19/01,583,568,562,571.00
B000980,3/23/01,1130,1145,1165,1146.67
B000980,3/23/01,440,421,435,432.00
B000980,3/23/01,1100,1082,1075,1085.67
B000980,3/23/01,998,1005,1021,1008.00
B000980,3/23/01,1217,1178,1169,1188.00
B000980,3/23/01,960,982,971,971.00
B000980,3/23/01,982,1015,999,998.67
B000954,3/26/01,612,632,643,629.00
B000954,3/26/01,633,621,654,636.00
B000954,3/26/01,634,654,666,651.33
B000954,3/26/01,635,619,644,632.67
B000954,3/26/01,579,598,609,595.33
B000954,3/26/01,599,641,642,627.33
B000954,3/26/01,598,601,582,593.67
B000957,3/30/01,385,395,361,380.33
B000957,3/30/01,1211,1235,1224,1223.33
B000957,3/30/01,1192,1185,1197,1191.33
B000957,3/30/01,1209,1215,1222,1215.33
B000957,3/30/01,1175,1187,1195,1185.67
B000957,3/30/01,1190,1181,1192,1187.67
B000957,3/30/01,1165,1180,1172,1172.33
B000957,3/30/01,365,380,377,374.00
B000957,3/30/01,1127,1135,1145,1135.67
B000957,3/30/01,1207,1229,1217,1217.67
B000957,3/30/01,1177,1189,1162,1176.00
B000957,3/30/01,1150,1169,1141,1153.33
B000957,3/30/01,1135,1169,1147,1150.33
B000957,3/30/01,1081,1065,1047,1064.33
B000928,4/6/01,580,565,571,572.00
B000928,4/6/01,572,578,561,570.33
B000928,4/6/01,527,530,544,533.67
B000928,4/6/01,566,571,561,566.00
B000928,4/6/01,572,571,565,569.33
B000928,4/6/01,554,551,569,558.00
B000928,4/6/01,533,521,511,521.67
B007371,4/16/01,841,834,858,844.33
B007371,4/16/01,566,563,524,551.00
B007371,4/16/01,799,800,861,820.00
B007371,4/16/01,599,588,592,593.00
B007371,4/16/01,593,584,578,585.00
B007371,4/16/01,668,721,724,704.33
B007371,4/16/01,582,603,625,603.33
B007371,4/16/01,633,636,678,649.00
B007371,4/16/01,587,575,602,588.00
B007371,4/16/01,537,618,573,576.00
B007371,4/16/01,612,655,579,615.33
B007371,4/16/01,551,571,525,549.00
B007371,4/16/01,494,445,491,476.67
B007367,4/16/01,5953,5976,5793,5907.33
B007367,4/16/01,7161,7069,7125,7118.33
B007367,4/16/01,6363,6635,6434,6477.33
B007367,4/16/01,6533,6834,6663,6676.67
B007367,4/16/01,5070,5248,5268,5195.33
B007367,4/16/01,6514,6804,6550,6622.67
B007367,4/16/01,5702,5893,5957,5850.67
B011820,5/14/01,7247,7144,7193,7194.67
B011820,5/14/01,8432,8315,8160,8302.33
B011820,5/14/01,6304,6484,6415,6401.00
B011820,5/14/01,6741,6821,6661,6741.00
B011820,5/14/01,5462,5530,5384,5458.67
B011820,5/14/01,5955,5865,5708,5842.67
B011820,5/14/01,5792,5813,5739,5781.33
B011821,5/14/01,764,676,684,708.00
B011821,5/14/01,697,719,669,695.00
B011821,5/14/01,773,784,726,761.00
B011821,5/14/01,938,903,856,899.00
B011821,5/14/01,802,789,815,802.00
B011821,5/14/01,804,784,794,794.00
B011821,5/14/01,759,791,807,785.67
B011821,5/14/01,634,601,618,617.67
B011821,5/14/01,665,655,671,663.67
B011821,5/14/01,624,646,672,647.33
B011821,5/14/01,638,594,589,607.00
B011821,5/14/01,688,729,666,694.33
B011821,5/14/01,536,523,515,524.67
B011821,5/14/01,399,424,420,414.33
B002128,6/19/01,715,713,693,707.00
B002128,6/19/01,725,697,677,699.67
B002128,6/19/01,647,571,503,573.67
B002128,6/19/01,533,669,677,626.33
B002128,6/19/01,535,499,510,514.67
B002128,6/19/01,514,494,515,507.67
B002128,6/19/01,510,532,530,524.00
B002135,6/22/01,2250,2358,2232,2280.00
B002135,6/22/01,2217,2136,2083,2145.33
B002135,6/22/01,2806,2883,2796,2828.33
B002135,6/22/01,3084,3175,3054,3104.33
B002135,6/22/01,1948,1948,1914,1936.67
B002135,6/22/01,1901,1858,1764,1841.00
B002135,6/22/01,1856,1786,1726,1789.33
B007457,7/16/01,2503,2631,2542,2558.67
B007457,7/16/01,2411,2478,2399,2429.33
B007457,7/16/01,2616,2806,2650,2690.67
B007457,7/16/01,2692,2730,2659,2693.67
B007457,7/16/01,2224,2289,2213,2242.00
B007457,7/16/01,2206,2335,2294,2278.33
B007457,7/16/01,2497,2317,2410,2408.00
B007457,7/16/01,2087,2138,2051,2092.00